{"name":"49fdb495-b340-4394-8b74-eaf84877e1ea","id":"/providers/Microsoft.Flow/flows/49fdb495-b340-4394-8b74-eaf84877e1ea","type":"Microsoft.Flow/flows","properties":{"apiId":"/providers/Microsoft.PowerApps/apis/shared_logicflows","displayName":"CSAT Survey - Customer Voice","definition":{"metadata":{"workflowEntityId":null,"processAdvisorMetadata":null,"flowChargedByPaygo":null,"flowclientsuspensionreason":"None","flowclientsuspensiontime":null,"flowclientsuspensionreasondetails":null,"creator":{"id":"02f63ae4-8b0e-478f-9cc2-542721a56e96","type":"User","tenantId":"4b06d2ac-b8c4-4c55-8f43-84b367972176"},"provisioningMethod":"FromDefinition","failureAlertSubscription":true,"clientLastModifiedTime":"2024-04-02T03:54:29.6898349Z","connectionKeySavedTimeKey":"2024-04-02T03:54:29.6898349Z"},"$schema":"https://schema.management.azure.com/providers/Microsoft.Logic/schemas/2016-06-01/workflowdefinition.json#","contentVersion":"1.0.0.0","parameters":{"$authentication":{"defaultValue":{},"type":"SecureObject"},"$connections":{"defaultValue":{},"type":"Object"}},"triggers":{"Recurrence":{"recurrence":{"interval":4,"frequency":"Hour","timeZone":"E. Australia Standard Time","startTime":"2024-04-01T01:00:00Z"},"type":"Recurrence"}},"actions":{"HTTP_-_Get_Tickets":{"runAfter":{"Initialize_varContactEmail":["Succeeded"]},"metadata":{"operationMetadataId":"6bc2038e-dd6c-438c-8e4c-223d43da6150"},"type":"Http","inputs":{"uri":"https://@{variables('SyncroDomain')}.syncromsp.com/api/v1/tickets","method":"GET","headers":{"accepts":"application/json"},"queries":{"status":"CSAT Survey"},"authentication":{"type":"Raw","value":"Authorization: @{variables('SyncroAPIKey')}\n"}},"runtimeConfiguration":{"contentTransfer":{"transferMode":"Chunked"}}},"Parse_Ticket_List":{"runAfter":{"HTTP_-_Get_Tickets":["Succeeded"]},"metadata":{"operationMetadataId":"9aef5c59-3ec5-4c6e-be5b-eb7685fdc859"},"type":"ParseJson","inputs":{"content":"@body('HTTP_-_Get_Tickets')","schema":{"type":"object","properties":{"tickets":{"type":"array","items":{"type":"object","properties":{"id":{"type":"integer"},"number":{"type":"integer"},"subject":{"type":"string"},"created_at":{"type":"string"},"customer_id":{"type":"integer"},"customer_business_then_name":{"type":"string"},"due_date":{"type":"string"},"resolved_at":{},"start_at":{},"end_at":{},"location_id":{},"problem_type":{"type":"string"},"status":{"type":"string"},"ticket_type_id":{"type":"integer"},"properties":{"type":"object","properties":{"PO Number":{"type":"string"},"Quote Link":{"type":"string"},"ShippingID":{"type":"string"},"Ticket Automation Required":{"type":"string"}}},"user_id":{"type":"integer"},"updated_at":{"type":"string"},"pdf_url":{},"priority":{"type":"string"},"comments":{"type":"array","items":{"type":"object","properties":{"id":{"type":"integer"},"created_at":{"type":"string"},"updated_at":{"type":"string"},"ticket_id":{"type":"integer"},"subject":{"type":"string"},"body":{"type":"string"},"tech":{"type":"string"},"hidden":{"type":"boolean"},"user_id":{"type":"integer"}},"required":["id","created_at","updated_at","ticket_id","subject","body","tech","hidden","user_id"]}},"user":{"type":"object","properties":{"id":{"type":"integer"},"email":{"type":"string"},"full_name":{"type":"string"},"created_at":{"type":"string"},"updated_at":{"type":"string"},"group":{"type":"string"},"admin?":{"type":"boolean"},"color":{"type":"string"}}}},"required":["id","number","subject","created_at","customer_id","customer_business_then_name","due_date","resolved_at","start_at","end_at","location_id","problem_type","status","ticket_type_id","properties","user_id","updated_at","pdf_url","priority","comments","user"]}},"meta":{"type":"object","properties":{"total_pages":{"type":"integer"},"page":{"type":"integer"}}}}}}},"For_each_ticket":{"foreach":"@outputs('Parse_Ticket_List')?['body']?['tickets']","actions":{"HTTP_-_Lookup_Ticket_Details":{"runAfter":{"Set_variable_ticket_subject":["Succeeded"]},"metadata":{"operationMetadataId":"292731b4-dff0-4b7b-81da-0d94348a6a73"},"type":"Http","inputs":{"uri":"https://@{variables('SyncroDomain')}.syncromsp.com/api/v1/tickets/@{items('For_each_ticket')?['id']}","method":"GET","headers":{"accepts":"application/json"},"authentication":{"type":"Raw","value":"Authorization: @{variables('SyncroAPIKey')}\n"}},"runtimeConfiguration":{"contentTransfer":{"transferMode":"Chunked"}}},"Parse_Ticket_Details":{"runAfter":{"HTTP_-_Lookup_Ticket_Details":["Succeeded"]},"metadata":{"operationMetadataId":"3fd2fa07-5928-499a-938c-ba3566fe98c5"},"type":"ParseJson","inputs":{"content":"@body('HTTP_-_Lookup_Ticket_Details')","schema":{"type":"object","properties":{"ticket":{"type":"object","properties":{"id":{"type":"integer"},"number":{"type":"integer"},"subject":{"type":"string"},"created_at":{"type":"string"},"customer_id":{"type":"integer"},"customer_business_then_name":{"type":"string"},"due_date":{"type":"string"},"start_at":{},"end_at":{},"location_id":{},"problem_type":{"type":"string"},"status":{"type":"string"},"properties":{"type":"object","properties":{"PO Number":{"type":"string"},"Quote Link":{"type":"string"},"ShippingID":{"type":"string"},"Ticket Automation Required":{"type":"string"}}},"user_id":{"type":"integer"},"updated_at":{"type":"string"},"pdf_url":{},"intake_form_html":{},"signature_name":{},"signature_date":{},"asset_ids":{"type":"array"},"priority":{"type":"string"},"resolved_at":{},"outtake_form_name":{},"outtake_form_date":{},"outtake_form_html":{},"address":{},"comments":{"type":"array","items":{"type":"object","properties":{"id":{"type":"integer"},"created_at":{"type":"string"},"updated_at":{"type":"string"},"ticket_id":{"type":"integer"},"subject":{"type":"string"},"body":{"type":"string"},"tech":{"type":"string"},"hidden":{"type":"boolean"},"user_id":{"type":"integer"}},"required":["id","created_at","updated_at","ticket_id","subject","body","tech","hidden","user_id"]}},"attachments":{"type":"array"},"ticket_timers":{"type":"array"},"line_items":{"type":"array"},"worksheet_results":{"type":"array"},"assets":{"type":"array"},"appointments":{"type":"array"},"ticket_fields":{"type":"array","items":{"type":"object","properties":{"id":{"type":"integer"},"name":{"type":"string"},"field_type":{"type":"string"},"required":{"type":"boolean"},"account_id":{"type":"integer"},"created_at":{"type":"string"},"updated_at":{"type":"string"},"ticket_type_id":{"type":"integer"},"hidden":{"type":"boolean"},"position":{},"answers":{"type":"array"}},"required":["id","name","field_type","required","account_id","created_at","updated_at","ticket_type_id","hidden","position","answers"]}},"ticket_answers":{"type":"array","items":{"type":"object","properties":{"ticket_field_id":{"type":"integer"},"content":{"type":"string"},"created_at":{"type":"string"},"updated_at":{"type":"string"},"account_id":{},"id":{"type":"integer"}},"required":["ticket_field_id","content","created_at","updated_at","account_id","id"]}},"customer":{"type":"object","properties":{"id":{"type":"integer"},"firstname":{},"lastname":{},"fullname":{"type":"string"},"business_name":{"type":"string"},"email":{},"phone":{},"mobile":{},"created_at":{"type":"string"},"updated_at":{"type":"string"},"pdf_url":{},"address":{"type":"string"},"address_2":{"type":"string"},"city":{"type":"string"},"state":{"type":"string"},"zip":{"type":"string"},"latitude":{},"longitude":{},"notes":{},"get_sms":{"type":"boolean"},"opt_out":{"type":"boolean"},"disabled":{"type":"boolean"},"no_email":{"type":"boolean"},"location_name":{},"location_id":{},"properties":{"type":"object","properties":{"Bitdefender Key":{"type":"string"},"notification_billing":{"type":"string"},"notification_reports":{"type":"string"},"notification_marketing":{"type":"string"}}},"online_profile_url":{},"tax_rate_id":{},"notification_email":{"type":"string"},"invoice_cc_emails":{"type":"string"},"invoice_term_id":{},"referred_by":{"type":"string"},"ref_customer_id":{},"business_and_full_name":{"type":"string"},"business_then_name":{"type":"string"},"contacts":{"type":"array","items":{"type":"object","properties":{"id":{"type":"integer"},"name":{"type":"string"},"address1":{"type":"string"},"address2":{"type":"string"},"city":{"type":"string"},"state":{"type":"string"},"zip":{"type":"string"},"email":{"type":"string"},"phone":{"type":"string"},"mobile":{"type":"string"},"latitude":{},"longitude":{},"customer_id":{"type":"integer"},"account_id":{"type":"integer"},"notes":{"type":"string"},"created_at":{"type":"string"},"updated_at":{"type":"string"},"vendor_id":{},"properties":{"type":"object","properties":{"title":{"type":"string"},"direct_report":{"type":"string"},"notification_billing":{"type":"string"},"notification_reports":{"type":"string"},"notification_marketing":{"type":"string"}}},"opt_out":{"type":"boolean"},"extension":{"type":"string"},"processed_phone":{"type":"string"},"processed_mobile":{"type":"string"},"ticket_matching_emails":{"type":"string"},"since_updated_at":{"type":"string"}},"required":["id","name","address1","address2","city","state","zip","email","phone","mobile","latitude","longitude","customer_id","account_id","notes","created_at","updated_at","vendor_id","properties","opt_out","extension","processed_phone","processed_mobile","ticket_matching_emails","since_updated_at"]}}}},"contact":{"type":"object","properties":{"id":{"type":"integer"},"name":{"type":"string"},"address1":{"type":"string"},"address2":{"type":"string"},"city":{"type":"string"},"state":{"type":"string"},"zip":{"type":"string"},"email":{"type":"string"},"phone":{"type":"string"},"mobile":{"type":"string"},"latitude":{},"longitude":{},"customer_id":{"type":"integer"},"account_id":{"type":"integer"},"notes":{"type":"string"},"created_at":{"type":"string"},"updated_at":{"type":"string"},"vendor_id":{},"properties":{"type":"object","properties":{"title":{"type":"string"},"direct_report":{"type":"string"},"notification_billing":{"type":"string"},"notification_reports":{"type":"string"},"notification_marketing":{"type":"string"}}},"opt_out":{"type":"boolean"},"extension":{"type":"string"},"processed_phone":{"type":"string"},"processed_mobile":{"type":"string"},"ticket_matching_emails":{"type":"string"},"since_updated_at":{"type":"string"}}},"user":{"type":"object","properties":{"id":{"type":"integer"},"email":{"type":"string"},"full_name":{"type":"string"},"created_at":{"type":"string"},"updated_at":{"type":"string"},"group":{"type":"string"},"admin?":{"type":"boolean"},"color":{"type":"string"}}},"ticket_type":{"type":"object","properties":{"name":{"type":"string"},"account_id":{"type":"integer"},"created_at":{"type":"string"},"updated_at":{"type":"string"},"disabled":{"type":"boolean"},"intake_terms":{},"skip_intake":{"type":"boolean"},"outtake_terms":{},"skip_outtake":{"type":"boolean"},"id":{"type":"integer"},"ticket_fields":{"type":"array","items":{"type":"object","properties":{"id":{"type":"integer"},"name":{"type":"string"},"field_type":{"type":"string"},"required":{"type":"boolean"},"account_id":{"type":"integer"},"created_at":{"type":"string"},"updated_at":{"type":"string"},"ticket_type_id":{"type":"integer"},"hidden":{"type":"boolean"},"position":{},"answers":{"type":"array"}},"required":["id","name","field_type","required","account_id","created_at","updated_at","ticket_type_id","hidden","position","answers"]}}}}}}}}}},"Set_variable_ticket_number":{"metadata":{"operationMetadataId":"6caaa166-4e53-4099-a7f7-f24c5408511e"},"type":"SetVariable","inputs":{"name":"varTicketNumber","value":"@{items('For_each_ticket')?['number']}"}},"Set_variable_ticket_subject":{"runAfter":{"Set_variable_ticket_number":["Succeeded"]},"metadata":{"operationMetadataId":"f1fb6be5-1b8f-47df-9809-e6b48070f405"},"type":"SetVariable","inputs":{"name":"varTicketSubject","value":"@items('For_each_ticket')?['subject']"}},"Apply_to_each":{"foreach":"@body('Parse_Ticket_Details')?['ticket']?['customer']?['contacts']","actions":{"Set_variable_contact_name":{"metadata":{"operationMetadataId":"4faadd20-2ca9-4697-94e8-7f1b429b8588"},"type":"SetVariable","inputs":{"name":"varContactName","value":"@items('Apply_to_each')?['name']"}}},"runAfter":{"Parse_Ticket_Details":["Succeeded"]},"metadata":{"operationMetadataId":"6de079a6-1fb4-4386-b376-dffaba580961"},"type":"Foreach"},"Apply_to_each_2":{"foreach":"@body('Parse_Ticket_Details')?['ticket']?['customer']?['contacts']","actions":{"Set_variable_contact_email":{"metadata":{"operationMetadataId":"b58423e8-e558-4cf1-afbb-de3de8a1090e"},"type":"SetVariable","inputs":{"name":"varContactEmail","value":"@items('Apply_to_each_2')?['email']"}}},"runAfter":{"Apply_to_each":["Succeeded"]},"metadata":{"operationMetadataId":"e9b7d5a3-2d66-40b7-8ddb-e231587b1d6b"},"type":"Foreach"},"Create_an_invitation":{"runAfter":{"Apply_to_each_2":["Succeeded"]},"type":"OpenApiConnection","inputs":{"parameters":{"ProjectId":"870b3b11-057a-46f7-a08a-2977e93f9a8c","FormId":"rNIGS8S4VUyPQ4SzZ5chduQ69gIOi49HnMJUJyGlbpZUNFIyTjk4MFZLN1dVWU5WV1o2Mk1BMU5SNi4u","subject":"@variables('varTicketSubject')","Regarding":"@variables('varTicketSubject')","RecipientInfo":"@variables('varContactName')","Email":"@variables('varContactEmail')","item/companyname":"Change Me","item/ticketnumber":"@variables('varTicketNumber')","item/ticketsummary":"@variables('varTicketSubject')"},"host":{"apiId":"/providers/Microsoft.PowerApps/apis/shared_microsoftformspro","connectionName":"shared_microsoftformspro","operationId":"createSurveyInvite"},"authentication":"@parameters('$authentication')"}},"HTTP_-_Add_Survey_To_Ticket":{"runAfter":{"Create_an_invitation":["Succeeded"]},"type":"Http","inputs":{"uri":"https://@{variables('SyncroDomain')}.syncromsp.com/api/v1/tickets/@{body('Parse_Ticket_Details')?['ticket']?['id']}/comment","method":"POST","headers":{"accepts":"application/json"},"queries":{"body":"We would love to get your feedback about this ticket please use the link below to answer a few quick questions to help us improve our service @{outputs('Create_an_invitation')?['body/Invitationlink']}","subject":"CSAT Survey","do_not_email":"false","hidden":"false","tech":"FlowBot"},"authentication":{"type":"Raw","value":"Authorization: @{variables('SyncroAPIKey')}\n"}},"runtimeConfiguration":{"contentTransfer":{"transferMode":"Chunked"}}},"HTTP_-_Resolve_Ticket":{"runAfter":{"HTTP_-_Add_Survey_To_Ticket":["Succeeded"]},"type":"Http","inputs":{"uri":"https://@{variables('SyncroDomain')}.syncromsp.com/api/v1/tickets/@{body('Parse_Ticket_Details')?['ticket']?['id']}","method":"PUT","headers":{"accepts":"application/json"},"queries":{"status":"Resolved"},"authentication":{"type":"Raw","value":"Authorization: @{variables('SyncroAPIKey')}\n"}},"runtimeConfiguration":{"contentTransfer":{"transferMode":"Chunked"}}}},"runAfter":{"Parse_Ticket_List":["Succeeded"]},"metadata":{"operationMetadataId":"62053ac4-11f2-4c4f-b2cf-92a69203a0b8"},"type":"Foreach"},"Initialize_varContactID":{"runAfter":{"Initialize_SyncroAPIKey":["Succeeded"]},"metadata":{"operationMetadataId":"838f88d7-7e4a-4209-812a-42832ce2e7ad"},"type":"InitializeVariable","inputs":{"variables":[{"name":"varContactID","type":"string"}]}},"Initialize_varTicketSubject":{"runAfter":{"Initialize_varContactID":["Succeeded"]},"metadata":{"operationMetadataId":"31321988-7ee4-4703-902d-820806e74309"},"type":"InitializeVariable","inputs":{"variables":[{"name":"varTicketSubject","type":"string"}]}},"Initialize_varTicketNumber":{"runAfter":{"Initialize_varTicketSubject":["Succeeded"]},"metadata":{"operationMetadataId":"ed2e52ef-7b3e-42aa-8a42-3894eed68de3"},"type":"InitializeVariable","inputs":{"variables":[{"name":"varTicketNumber","type":"string"}]}},"Initialize_varContactName":{"runAfter":{"Initialize_varTicketNumber":["Succeeded"]},"metadata":{"operationMetadataId":"dd20c963-43c6-42ba-be26-dfb83c4dc27c"},"type":"InitializeVariable","inputs":{"variables":[{"name":"varContactName","type":"string"}]}},"Initialize_varContactEmail":{"runAfter":{"Initialize_varContactName":["Succeeded"]},"metadata":{"operationMetadataId":"f4a7a6df-8ac2-4871-8cd8-5840df65824e"},"type":"InitializeVariable","inputs":{"variables":[{"name":"varContactEmail","type":"string"}]}},"Initialize_SyncroDomain":{"runAfter":{},"type":"InitializeVariable","inputs":{"variables":[{"name":"SyncroDomain","type":"string","value":"changeme"}]}},"Initialize_SyncroAPIKey":{"runAfter":{"Initialize_SyncroDomain":["Succeeded"]},"type":"InitializeVariable","inputs":{"variables":[{"name":"SyncroAPIKey","type":"string","value":"changeme"}]}}},"outputs":{}},"connectionReferences":{"shared_microsoftformspro":{"connectionName":"shared-microsoftform-a565f11b-87eb-4f97-8cd9-3280216a361a","source":"Embedded","id":"/providers/Microsoft.PowerApps/apis/shared_microsoftformspro","tier":"NotSpecified"}},"flowFailureAlertSubscribed":false,"isManaged":false}}